steps,rewards
0,-8.962377392426706
20000,-8.013140682531613
40000,-7.5393900345257
